City_ID,City,Country,Lat,Lng,Max Temp,Humidity,Cloudiness,Wind Speed,Current Description,Rain (inches),Snow (inches)
0,Rayagada,IN,19.1667,83.4167,76.68,94,96,2.86,overcast clouds,0.0,0
1,Punta Arenas,CL,-53.15,-70.9167,41.11,93,90,4.61,overcast clouds,0.0,0
2,Vila Do Maio,CV,15.1333,-23.2167,79.59,90,99,8.32,overcast clouds,0.0,0
3,New Norfolk,AU,-42.7826,147.0587,42.3,77,87,1.99,overcast clouds,0.0,0
4,Clyde River,CA,70.4692,-68.5914,44.28,78,97,0.78,overcast clouds,0.0,0
5,Atar,MR,20.5169,-13.0499,92.3,27,18,7.05,few clouds,0.0,0
6,Crotone,IT,39.0851,17.1178,77.94,48,0,2.55,clear sky,0.0,0
7,Dikson,RU,73.5069,80.5464,44.38,100,100,10.33,overcast clouds,0.0,0
8,Arraial Do Cabo,BR,-22.9661,-42.0278,68.88,82,2,15.52,clear sky,0.0,0
9,Anzio,IT,41.4853,12.6179,82.72,64,0,6.04,clear sky,0.0,0
10,Hobart,AU,-42.8794,147.3294,42.66,88,75,4.0,shower rain,0.1,0
11,Ponta Do Sol,PT,32.6667,-17.1,86.63,46,2,5.26,clear sky,0.0,0
12,Santa Isabel,BR,-23.3156,-46.2214,62.38,94,18,2.15,few clouds,0.0,0
13,Menongue,AO,-14.6585,17.691,56.53,34,0,5.48,clear sky,0.0,0
14,Norsup,VU,-16.0667,167.3833,77.25,65,49,15.05,scattered clouds,0.0,0
15,Kapaa,US,22.0752,-159.319,86.32,66,1,4.0,clear sky,0.0,0
16,Missoula,US,47.0166,-113.8009,86.4,21,11,13.11,few clouds,0.0,0
17,Albany,US,42.6001,-73.9662,68.63,74,100,2.46,overcast clouds,0.0,0
18,Asau,RO,46.4333,26.4,66.96,79,6,4.54,clear sky,0.0,0
19,Lata,PT,40.1629,-8.3327,62.82,96,2,0.78,clear sky,0.0,0
20,Rikitea,PF,-23.1203,-134.9692,74.79,75,0,11.45,clear sky,0.0,0
21,Cherskiy,RU,68.75,161.3,43.27,85,100,3.89,overcast clouds,0.0,0
22,Qaanaaq,GL,77.484,-69.3632,38.07,99,100,5.61,light rain,0.29,0
23,Kaitangata,NZ,-46.2817,169.8464,55.02,56,98,10.67,overcast clouds,0.0,0
24,Chokurdakh,RU,70.6333,147.9167,46.63,54,59,7.7,broken clouds,0.0,0
25,Nuuk,GL,64.1835,-51.7216,47.01,100,90,12.66,light intensity shower rain,0.4,0
26,Lebu,CL,-37.6167,-73.65,50.81,92,100,27.76,overcast clouds,0.0,0
27,Kahului,US,20.8947,-156.47,85.96,69,40,20.71,light rain,0.16,0
28,Carnarvon,AU,-24.8667,113.6333,64.47,75,45,6.91,scattered clouds,0.0,0
29,Butaritari,KI,3.0707,172.7902,83.39,72,24,10.25,few clouds,0.0,0
30,Svetlogorsk,BY,52.6333,29.7333,64.33,84,40,4.92,scattered clouds,0.0,0
31,Port Hardy,CA,50.6996,-127.4199,59.18,100,90,0.0,mist,0.0,0
32,Hermanus,ZA,-34.4187,19.2345,56.89,75,12,8.63,few clouds,0.0,0
33,Ploemeur,FR,47.7333,-3.4333,61.95,94,90,14.97,overcast clouds,0.0,0
34,Saint-Philippe,RE,-21.3585,55.7679,63.95,74,87,12.46,light rain,0.13,0
35,Bluff,NZ,-46.6,168.3333,57.79,64,99,16.98,overcast clouds,0.0,0
36,Faanui,PF,-16.4833,-151.75,78.91,75,11,9.24,few clouds,0.0,0
37,Busselton,AU,-33.65,115.3333,57.04,68,0,10.92,clear sky,0.0,0
38,Cape Town,ZA,-33.9258,18.4232,57.11,87,0,3.44,clear sky,0.0,0
39,Flinders,AU,-34.5833,150.8552,67.17,42,0,4.0,clear sky,0.0,0
40,Norman Wells,CA,65.282,-126.8329,59.04,77,75,2.3,light rain,0.22,0
41,Sobreira,PT,41.5237,-7.8023,62.94,73,0,4.72,clear sky,0.0,0
42,Tuktoyaktuk,CA,69.4541,-133.0374,57.2,62,40,13.8,scattered clouds,0.0,0
43,Narsaq,GL,60.9167,-46.05,50.22,98,99,4.59,moderate rain,1.11,0
44,Ushuaia,AR,-54.8,-68.3,42.46,81,40,3.44,scattered clouds,0.0,0
45,Yeppoon,AU,-23.1333,150.7333,71.38,70,24,9.08,few clouds,0.0,0
46,Fort-Shevchenko,KZ,44.5086,50.263,80.2,41,1,8.43,clear sky,0.0,0
47,Komsomolskiy,UZ,40.4272,71.7189,66.92,30,0,4.61,clear sky,0.0,0
48,Margate,GB,51.3813,1.3862,63.91,81,57,1.99,broken clouds,0.0,0
49,Marsa Matruh,EG,31.3525,27.2453,77.47,67,0,5.79,clear sky,0.0,0
50,Atuona,PF,-9.8,-139.0333,78.24,64,21,14.32,few clouds,0.0,0
51,Asheville,US,35.6009,-82.554,74.98,82,40,1.01,scattered clouds,0.0,0
52,Okhotsk,RU,59.3833,143.3,64.26,83,91,3.51,overcast clouds,0.0,0
53,Vaini,TO,-21.2,-175.2,73.56,73,40,13.8,scattered clouds,0.0,0
54,Flin Flon,CA,54.7682,-101.865,78.26,31,80,9.42,broken clouds,0.0,0
55,Shubarkuduk,KZ,49.1447,56.4872,72.73,21,0,5.06,clear sky,0.0,0
56,Kaffrine,SN,14.1059,-15.5508,78.69,83,93,7.81,overcast clouds,0.0,0
57,Sault Sainte Marie,CA,46.5168,-84.3333,75.88,51,1,6.91,clear sky,0.0,0
58,Klaksvik,FO,62.2266,-6.589,45.52,74,36,7.58,scattered clouds,0.0,0
59,Nara,JP,34.6851,135.8049,76.28,82,94,2.53,overcast clouds,0.0,0
60,Faya,SA,18.3851,42.4509,69.91,57,97,4.32,overcast clouds,0.0,0
61,Souillac,MU,-20.5167,57.5167,68.38,83,40,10.36,scattered clouds,0.0,0
62,Bambous Virieux,MU,-20.3428,57.7575,68.25,83,40,10.36,light rain,0.35,0
63,Muravlenko,RU,63.7898,74.523,51.12,87,79,11.32,broken clouds,0.0,0
64,Mataura,NZ,-46.1927,168.8643,57.47,61,100,5.55,overcast clouds,0.0,0
65,Tonstad,NO,58.6626,6.7169,54.36,95,100,1.99,overcast clouds,0.0,0
66,Hilo,US,19.7297,-155.09,82.13,78,75,10.36,broken clouds,0.0,0
67,Bethel,US,41.3712,-73.414,74.64,73,1,4.61,clear sky,0.0,0
68,Bandarbeyla,SO,9.4942,50.8122,76.86,77,48,29.3,scattered clouds,0.0,0
69,Nhulunbuy,AU,-12.2333,136.7667,84.81,58,20,16.11,few clouds,0.0,0
70,Taft,IR,31.7471,54.2088,78.75,13,20,4.61,few clouds,0.0,0
71,Imeni Poliny Osipenko,RU,52.4201,136.4853,69.3,72,79,7.05,broken clouds,0.0,0
72,Yellowknife,CA,62.456,-114.3525,61.32,72,75,12.66,broken clouds,0.0,0
73,Virginia Beach,US,36.8529,-75.978,80.02,83,100,3.0,light rain,0.36,0
74,Severo-Kurilsk,RU,50.6789,156.125,57.45,84,33,13.76,scattered clouds,0.0,0
75,Bilma,NE,18.6853,12.9164,92.89,29,25,8.08,scattered clouds,0.0,0
76,Raton,US,36.9034,-104.4391,74.01,43,1,1.99,light rain,0.24,0
77,Storm Lake,US,42.6411,-95.2097,81.34,57,1,8.05,clear sky,0.0,0
78,Yerbogachen,RU,61.2767,108.0108,58.21,84,97,10.96,overcast clouds,0.0,0
79,Porto Santo,PT,33.072,-16.3415,85.91,88,20,12.66,few clouds,0.0,0
80,Hasaki,JP,35.7333,140.8333,71.89,80,100,15.28,overcast clouds,0.0,0
81,Broken Hill,AU,-31.95,141.4333,53.19,66,0,12.73,clear sky,0.0,0
82,Te Anau,NZ,-45.4167,167.7167,42.82,96,86,10.22,moderate rain,1.97,0
83,Channel-Port Aux Basques,CA,47.5702,-59.1367,64.0,93,48,12.62,scattered clouds,0.0,0
84,Marrakesh,MA,31.6315,-8.0083,87.87,25,40,3.44,scattered clouds,0.0,0
85,Altay,CN,47.8667,88.1167,61.07,59,93,3.4,overcast clouds,0.0,0
86,Camacha,PT,33.0833,-16.3333,83.16,88,20,12.66,few clouds,0.0,0
87,Samarkand,UZ,39.6542,66.9597,62.02,45,0,11.5,clear sky,0.0,0
88,Bredasdorp,ZA,-34.5322,20.0403,53.28,93,43,1.14,scattered clouds,0.0,0
89,Luanda,AO,-8.8368,13.2343,70.79,91,7,10.09,clear sky,0.0,0
90,Ribeira Grande,PT,38.5167,-28.7,72.52,85,84,4.68,broken clouds,0.0,0
91,Khatanga,RU,71.9667,102.5,58.17,58,99,12.17,overcast clouds,0.0,0
92,Vinh,VN,18.6667,105.6667,80.74,74,99,4.7,overcast clouds,0.0,0
93,Saldanha,ZA,-33.0117,17.9442,55.76,68,12,11.77,few clouds,0.0,0
94,Thompson,CA,55.7435,-97.8558,68.97,48,68,11.95,broken clouds,0.0,0
95,Jamestown,US,42.097,-79.2353,70.92,64,1,5.75,clear sky,0.0,0
96,Port Blair,IN,11.6667,92.75,79.88,82,100,12.41,moderate rain,2.73,0
97,Marawi,PH,7.9986,124.2928,73.65,80,90,0.98,overcast clouds,0.0,0
98,Uusikaupunki,FI,60.8004,21.4084,57.72,83,19,11.25,few clouds,0.0,0
99,Ilulissat,GL,69.2167,-51.1,46.42,87,40,9.22,scattered clouds,0.0,0
100,Adrar,MR,20.5022,-10.0711,93.7,16,41,8.01,scattered clouds,0.0,0
101,Narimanov,RU,46.6927,47.8498,67.91,72,100,7.34,overcast clouds,0.0,0
102,Yaan,NG,7.3833,8.5667,72.5,95,99,5.66,overcast clouds,0.0,0
103,Araouane,ML,18.9048,-3.5265,95.72,32,30,11.1,scattered clouds,0.0,0
104,Sinnamary,GF,5.3833,-52.95,75.43,86,94,9.78,overcast clouds,0.0,0
105,Koslan,RU,63.4564,48.8989,57.96,94,100,7.67,moderate rain,2.05,0
106,Mizdah,LY,31.4451,12.9801,73.44,66,30,7.67,scattered clouds,0.0,0
107,Mount Gambier,AU,-37.8333,140.7667,49.91,93,75,17.27,broken clouds,0.0,0
108,Kavaratti,IN,10.5669,72.642,81.18,78,89,17.72,overcast clouds,0.0,0
109,Usta Muhammad,PK,28.1794,68.0445,84.38,60,9,9.33,clear sky,0.0,0
110,Monrovia,LR,6.3005,-10.7969,76.12,77,91,7.49,overcast clouds,0.0,0
111,Fortuna,US,40.5982,-124.1573,69.93,69,90,1.99,overcast clouds,0.0,0
112,Abilene,US,32.4487,-99.7331,91.62,44,1,1.01,clear sky,0.0,0
113,Bubaque,GW,11.2833,-15.8333,78.4,82,100,9.4,moderate rain,1.09,0
114,Aljezur,PT,37.3191,-8.8033,69.6,47,0,10.69,clear sky,0.0,0
115,West Odessa,US,31.8424,-102.4988,85.05,52,1,8.05,clear sky,0.0,0
116,Nikolskoye,RU,59.7035,30.7861,59.02,85,31,10.42,scattered clouds,0.0,0
117,Provideniya,RU,64.3833,-173.3,44.71,81,90,13.42,light rain,0.0,0
118,Laguna,US,38.421,-121.4238,105.13,31,1,6.91,haze,0.0,0
119,Am Timan,TD,11.0297,20.2827,72.32,94,47,3.2,light rain,0.27,0
120,Egvekinot,RU,66.3167,-179.1667,46.94,62,87,5.57,overcast clouds,0.0,0
121,Castro,BR,-24.7911,-50.0119,59.23,88,31,3.11,scattered clouds,0.0,0
122,Bengkulu,ID,-3.8004,102.2655,74.8,87,69,4.27,broken clouds,0.0,0
123,Ugoofaaru,MV,5.6667,73.0,81.32,76,100,14.03,overcast clouds,0.0,0
124,Niwari,IN,28.8833,77.5333,94.23,64,35,1.88,scattered clouds,0.0,0
125,Singapore,SG,1.2897,103.8501,78.75,92,75,2.3,broken clouds,0.0,0
126,Chulym,RU,55.0997,80.9572,57.52,86,82,5.93,broken clouds,0.0,0
127,Taoudenni,ML,22.6783,-3.9836,101.5,10,79,2.77,broken clouds,0.0,0
128,Danville,US,36.586,-79.395,77.38,91,75,0.0,broken clouds,0.0,0
129,Santa Marta,CO,11.2408,-74.199,81.99,87,75,5.01,broken clouds,0.0,0
130,Winslow,US,35.0242,-110.6974,95.97,21,1,1.01,clear sky,0.0,0
131,Torbay,CA,47.6666,-52.7314,70.75,93,20,12.66,few clouds,0.0,0
132,Rawson,AR,-43.3002,-65.1023,59.02,30,98,17.74,overcast clouds,0.0,0
133,Havoysund,NO,70.9963,24.6622,43.68,82,100,9.55,overcast clouds,0.0,0
134,Nanortalik,GL,60.1432,-45.2371,48.76,98,100,12.03,light rain,1.0,0
135,Corinto,GR,37.9407,22.9573,78.64,43,0,2.57,clear sky,0.0,0
136,Saint George,US,37.1041,-113.5841,105.64,20,1,5.01,clear sky,0.0,0
137,Aksarka,RU,66.5606,67.7975,46.98,86,14,11.48,few clouds,0.0,0
138,Warri,NG,5.5167,5.75,75.74,88,78,4.34,broken clouds,0.0,0
139,Westport,US,41.1415,-73.3579,77.05,57,1,1.99,clear sky,0.0,0
140,East London,ZA,-33.0153,27.9116,58.62,72,0,10.38,clear sky,0.0,0
141,Seoul,KR,37.5683,126.9778,80.17,57,0,10.36,clear sky,0.0,0
142,Prince Rupert,CA,54.3161,-130.3201,59.09,74,40,8.05,light rain,0.35,0
143,Kathu,TH,7.9178,98.3332,76.82,76,100,0.36,overcast clouds,0.0,0
144,Lago Da Pedra,BR,-4.3333,-45.1667,77.49,41,18,2.39,few clouds,0.0,0
145,Birjand,IR,32.8663,59.2211,66.67,13,0,13.8,clear sky,0.0,0
146,Carballo,ES,43.213,-8.691,62.91,90,15,6.17,few clouds,0.0,0
147,Mosquera,CO,4.7059,-74.2302,53.87,87,63,2.62,broken clouds,0.0,0
148,Neuquen,AR,-38.9516,-68.0591,49.89,62,0,4.61,clear sky,0.1,0
149,Ivanjica,RS,43.5803,20.2311,72.88,49,0,5.32,clear sky,0.0,0
150,Port-Gentil,GA,-0.7193,8.7815,76.62,84,84,13.31,broken clouds,0.0,0
151,Black River,JM,18.0264,-77.8487,77.99,76,64,1.66,broken clouds,0.0,0
152,Octeville,FR,49.6261,-1.6435,61.92,94,90,12.66,light rain,0.14,0
153,Lavrentiya,RU,65.5833,-171.0,42.33,87,100,5.82,overcast clouds,0.0,0
154,Fairbanks,US,64.8378,-147.7164,52.61,93,90,1.01,moderate rain,1.1,0
155,Lakes Entrance,AU,-37.8811,147.981,61.57,55,31,21.68,scattered clouds,0.0,0
156,Gabu,GW,12.2833,-14.2167,72.57,98,100,3.69,overcast clouds,0.0,0
157,Shelburne,CA,44.0787,-80.2041,67.24,60,1,4.32,clear sky,0.0,0
158,Qarchi Gak,AF,37.04,66.7889,64.49,20,0,10.74,clear sky,0.0,0
159,Goderich,CA,43.7501,-81.7165,71.56,64,0,3.44,clear sky,0.0,0
160,Iqaluit,CA,63.7506,-68.5145,46.13,81,75,5.75,broken clouds,0.0,0
161,Gat,IL,31.61,34.7642,79.48,100,0,2.62,clear sky,0.0,0
162,Benemerito De Las Americas,MX,16.5167,-90.6439,79.12,88,86,1.92,overcast clouds,0.0,0
163,Beira,MZ,-19.8436,34.8389,67.28,77,1,7.16,clear sky,0.0,0
164,Cariacica,BR,-20.2639,-40.42,70.99,83,75,4.61,broken clouds,0.0,0
165,Pangnirtung,CA,66.1451,-65.7125,46.9,77,85,2.68,overcast clouds,0.0,0
166,Constitucion,CL,-35.3333,-72.4167,50.7,92,100,17.11,overcast clouds,0.0,0
167,Todos Santos,MX,23.45,-110.2167,93.0,82,32,10.18,scattered clouds,0.0,0
168,Vardo,NO,70.3705,31.1107,46.13,76,100,17.69,overcast clouds,0.0,0
169,Lumberton,US,34.6182,-79.0086,82.71,79,99,7.58,overcast clouds,0.0,0
170,Pevek,RU,69.7008,170.3133,32.88,98,100,4.81,overcast clouds,0.0,0
171,Rio Grande,BR,-32.035,-52.0986,56.95,85,2,4.12,clear sky,0.0,0
172,Dwarka,IN,22.2394,68.9678,80.71,77,99,13.51,overcast clouds,0.0,0
173,Xuddur,SO,4.1213,43.8894,69.37,78,40,17.58,scattered clouds,0.0,0
174,Belyy Yar,RU,53.6039,91.3903,57.09,94,0,2.24,clear sky,0.0,0
175,Boajibu,SL,8.1833,-11.3333,71.53,99,100,1.7,light rain,0.85,0
176,Luderitz,NA,-26.6481,15.1594,55.8,69,2,9.04,clear sky,0.0,0
177,Port Alfred,ZA,-33.5906,26.891,58.98,76,0,13.53,clear sky,0.0,0
178,Goundam,ML,16.4145,-3.6708,89.44,46,47,11.95,scattered clouds,0.0,0
179,Port Elizabeth,ZA,-33.918,25.5701,55.69,94,0,2.3,clear sky,0.0,0
180,Acapulco,MX,16.8634,-99.8901,85.82,74,90,4.61,overcast clouds,0.0,0
181,Srednekolymsk,RU,67.45,153.6833,51.6,52,100,9.26,overcast clouds,0.0,0
182,Airai,TL,-8.9266,125.4092,68.0,57,15,5.08,few clouds,0.0,0
183,Shingu,JP,33.7333,135.9833,78.91,94,100,3.94,moderate rain,3.15,0
184,Sayyan,YE,15.1718,44.3244,65.19,52,99,2.75,overcast clouds,0.0,0
185,Emba,KZ,48.8264,58.1442,71.71,25,6,7.25,clear sky,0.0,0
186,Petropavlovsk-Kamchatskiy,RU,53.0452,158.6483,63.19,63,0,6.71,clear sky,0.0,0
187,Sitka,US,57.0531,-135.33,55.29,88,75,0.0,light rain,0.29,0
188,Kodiak,US,57.79,-152.4072,56.91,62,6,0.72,clear sky,0.0,0
189,Pisco,PE,-13.7,-76.2167,62.65,77,0,11.5,clear sky,0.0,0
190,Saskylakh,RU,71.9167,114.0833,53.76,60,61,11.16,broken clouds,0.0,0
191,Codrington,AU,-38.2667,141.9667,51.75,77,82,20.62,broken clouds,0.0,0
192,Vila Franca Do Campo,PT,37.7167,-25.4333,73.81,93,48,7.74,scattered clouds,0.0,0
193,Letnyaya Stavka,RU,45.4306,43.4472,69.73,81,100,2.95,overcast clouds,0.0,0
194,Emilio Carranza,MX,19.9711,-96.6114,83.57,73,41,6.15,scattered clouds,0.0,0
195,Avarua,CK,-21.2078,-159.775,75.25,73,90,10.36,light rain,0.13,0
196,Necochea,AR,-38.5473,-58.7368,48.04,67,68,9.95,broken clouds,0.0,0
197,Felipe Carrillo Puerto,MX,19.5833,-88.05,84.38,66,79,4.21,broken clouds,0.0,0
198,Barrow,US,71.2906,-156.7887,37.42,81,90,19.57,light rain,0.0,0
199,Naze,JP,28.3667,129.4833,83.32,81,95,10.89,overcast clouds,0.0,0
200,Itarema,BR,-2.9248,-39.9167,77.61,83,20,9.93,few clouds,0.0,0
201,Lompoc,US,34.6391,-120.4579,74.88,78,1,7.0,mist,0.0,0
202,San Patricio,US,28.017,-97.5169,90.01,55,65,14.7,broken clouds,0.0,0
203,Lensk,RU,60.7253,114.9278,65.62,86,95,8.03,overcast clouds,0.0,0
204,South San Francisco,US,37.6547,-122.4078,98.62,79,20,18.41,haze,0.0,0
205,Vilyuysk,RU,63.7553,121.6247,53.69,73,100,4.9,overcast clouds,0.0,0
206,Dawei,MM,14.0833,98.2,75.27,96,100,5.64,light rain,0.2,0
207,Onega,RU,63.9061,38.1404,54.37,89,93,7.4,overcast clouds,0.0,0
208,Sur,OM,22.5667,59.5289,85.24,64,27,4.94,scattered clouds,0.0,0
209,Upernavik,GL,72.7868,-56.1549,42.78,95,100,5.03,light rain,0.69,0
210,Talnakh,RU,69.4865,88.3972,56.1,93,99,10.89,light rain,0.32,0
211,Itamarandiba,BR,-17.8572,-42.8589,63.07,65,5,4.07,clear sky,0.0,0
212,Kampil,IN,27.6167,79.2833,86.36,62,98,3.27,overcast clouds,0.0,0
213,Leningradskiy,RU,69.3833,178.4167,34.14,85,97,13.56,overcast clouds,0.0,0
214,Cabedelo,BR,-6.9811,-34.8339,74.07,80,41,14.56,scattered clouds,0.0,0
215,Vao,NC,-22.6667,167.4833,68.32,60,82,16.93,broken clouds,0.0,0
216,Bathsheba,BB,13.2167,-59.5167,81.21,83,40,11.5,scattered clouds,0.0,0
217,Plettenberg Bay,ZA,-34.0527,23.3716,57.79,59,1,6.08,clear sky,0.0,0
218,Matara,LK,5.9485,80.5353,77.54,86,100,10.63,overcast clouds,0.0,0
219,Pochutla,MX,15.7432,-96.4661,85.05,80,98,4.0,overcast clouds,0.0,0
220,Nouadhibou,MR,20.931,-17.0347,71.58,94,10,9.22,clear sky,0.0,0
221,Marsabit,KE,2.3284,37.9899,61.2,72,38,21.94,scattered clouds,0.0,0
222,Lorengau,PG,-2.0226,147.2712,82.45,78,91,6.89,overcast clouds,0.0,0
223,Tuatapere,NZ,-46.1333,167.6833,57.81,69,99,11.16,overcast clouds,0.0,0
224,Marsh Harbour,BS,26.5412,-77.0636,82.47,80,98,18.45,overcast clouds,0.0,0
225,Natal,BR,-5.795,-35.2094,75.85,78,0,10.36,clear sky,0.0,0
226,Choma,ZM,-16.8065,26.9531,54.03,73,0,5.64,clear sky,0.0,0
227,Matamoros,MX,25.5333,-103.25,91.51,37,75,11.5,dust,0.0,0
228,Rochegda,RU,62.8,43.25,56.95,98,95,6.62,overcast clouds,0.0,0
229,Yumen,CN,40.2833,97.2,72.3,35,38,18.16,scattered clouds,0.0,0
230,Puerto Ayora,EC,-0.7393,-90.3518,69.55,93,88,8.01,overcast clouds,0.0,0
231,Along,IN,28.1667,94.7667,75.18,97,100,1.52,light rain,0.57,0
232,Vila Velha,BR,-20.3297,-40.2925,71.55,83,75,4.61,broken clouds,0.0,0
233,Caravelas,BR,-17.7125,-39.2481,69.85,87,11,5.41,few clouds,0.0,0
234,Bangassou,CF,4.7413,22.8184,67.48,98,100,0.89,light rain,0.4,0
235,Pasco,US,28.292,-82.4165,80.98,67,100,6.46,overcast clouds,0.0,0
236,Tartagal,AR,-22.5164,-63.8013,58.59,39,0,3.04,clear sky,0.0,0
237,Portel,BR,-1.9356,-50.8211,78.06,80,87,4.0,overcast clouds,0.0,0
238,Geraldton,AU,-28.7667,114.6,59.41,44,0,19.57,clear sky,0.0,0
239,Kavieng,PG,-2.5744,150.7967,83.64,74,83,8.88,light rain,0.96,0
240,Kismayo,SO,-0.3582,42.5454,75.24,82,25,15.48,scattered clouds,0.0,0
241,Alofi,NU,-19.0595,-169.9187,75.09,83,92,16.11,overcast clouds,0.0,0
242,Tromso,NO,69.6496,18.957,50.65,76,75,12.66,broken clouds,0.0,0
243,Coquimbo,CL,-29.9533,-71.3436,53.33,76,90,8.05,overcast clouds,0.0,0
244,Hay River,CA,60.8156,-115.7999,58.98,88,90,10.36,light rain,0.51,0
245,Kidal,ML,18.4411,1.4078,91.67,35,29,6.46,scattered clouds,0.0,0
246,Xapuri,BR,-10.6517,-68.5044,79.99,41,29,1.32,scattered clouds,0.0,0
247,Hobyo,SO,5.3505,48.5268,76.57,83,39,24.32,scattered clouds,0.0,0
248,Saint-Pierre,RE,-21.3393,55.4781,64.04,82,75,8.05,light rain,0.13,0
249,Aswan,EG,24.0934,32.907,87.24,21,1,10.33,clear sky,0.0,0
250,Tiksi,RU,71.6872,128.8694,43.12,82,20,7.31,few clouds,0.0,0
251,Mar Del Plata,AR,-38.0023,-57.5575,46.42,100,90,6.91,fog,0.0,0
252,Spruce Grove,CA,53.5334,-113.9187,81.59,42,20,8.05,few clouds,0.0,0
253,Kamennomostskiy,RU,44.2983,40.1856,60.66,93,48,3.56,scattered clouds,0.0,0
254,Tadine,NC,-21.55,167.8833,70.83,60,100,15.66,overcast clouds,0.0,0
255,Zapolyarnyy,RU,69.4154,30.8136,42.08,84,100,12.64,overcast clouds,0.0,0
256,Thunder Bay,CA,48.4001,-89.3168,86.99,37,75,20.71,broken clouds,0.0,0
257,Kudahuvadhoo,MV,2.6708,72.8944,82.15,72,78,14.25,broken clouds,0.0,0
258,Kaeo,NZ,-35.1,173.7833,60.33,70,13,6.82,few clouds,0.0,0
259,Chulman,RU,56.8479,124.9104,67.73,59,27,6.4,scattered clouds,0.0,0
260,Mahibadhoo,MV,3.7833,72.9667,82.62,69,90,14.83,overcast clouds,0.0,0
261,Manggar,ID,-2.8833,108.2667,80.42,81,100,14.38,overcast clouds,0.0,0
262,Maceio,BR,-9.6658,-35.7353,72.84,83,75,2.3,broken clouds,0.0,0
263,Tungor,RU,53.3808,142.9564,69.44,63,10,9.48,clear sky,0.0,0
264,Cabo San Lucas,MX,22.8909,-109.9124,93.51,66,20,5.75,few clouds,0.0,0
265,Riyadh,SA,24.6877,46.7219,87.94,18,5,7.2,clear sky,0.0,0
266,Anacortes,US,48.5126,-122.6127,85.91,73,1,3.0,haze,0.0,0
267,Christchurch,NZ,-43.5333,172.6333,61.0,41,9,9.22,clear sky,0.0,0
268,Zhangjiakou,CN,40.81,114.8794,66.47,88,79,2.71,broken clouds,0.0,0
269,Rio Claro,BR,-22.4114,-47.5614,71.42,45,15,1.95,few clouds,0.0,0
270,Halifax,CA,44.6453,-63.5724,71.49,63,1,3.44,clear sky,0.0,0
271,La Orilla,MX,17.9833,-102.2333,83.12,79,62,2.28,broken clouds,0.0,0
272,Tautira,PF,-17.7333,-149.15,84.22,76,25,10.76,light rain,0.11,0
273,Victoria,HK,22.2855,114.1577,87.96,86,48,4.83,scattered clouds,0.0,0
274,Bihariganj,IN,25.7333,86.9833,79.3,92,100,1.77,overcast clouds,0.0,0
275,Osmena,PH,10.5208,119.9258,82.87,73,98,4.52,overcast clouds,0.0,0
276,Maryville,US,35.7565,-83.9705,77.74,95,90,3.44,light rain,0.21,0
277,Petatlan,MX,17.5167,-101.2667,91.2,78,99,2.82,overcast clouds,0.0,0
278,San Quintin,MX,30.4833,-115.95,73.94,74,23,10.31,few clouds,0.0,0
279,Hithadhoo,MV,-0.6,73.0833,82.71,72,100,16.22,overcast clouds,0.0,0
280,Harnosand,SE,62.6323,17.9379,55.99,83,44,4.83,scattered clouds,0.0,0
281,Honiara,SB,-9.4333,159.95,84.56,77,76,9.53,broken clouds,0.0,0
282,Udachnyy,RU,66.4167,112.4,54.28,76,100,6.4,overcast clouds,0.0,0
283,Murray Bridge,AU,-35.1167,139.2667,56.48,65,67,12.46,broken clouds,0.0,0
284,Makat,KZ,47.6469,53.3463,73.78,20,0,4.21,clear sky,0.0,0
285,Ancud,CL,-41.8697,-73.8203,50.23,92,100,17.16,light rain,0.4,0
286,Nishihara,JP,26.1842,127.7558,85.28,84,75,8.05,broken clouds,0.0,0
287,Scarborough,GB,54.2797,-0.4044,56.53,88,91,1.01,overcast clouds,0.0,0
288,Yulara,AU,-25.2406,130.9889,60.64,27,90,12.66,overcast clouds,0.0,0
289,Kiunga,PG,-6.1219,141.2906,76.01,96,100,3.53,overcast clouds,0.0,0
290,Northam,GB,51.0333,-4.2167,61.66,87,67,13.09,broken clouds,0.0,0
291,Mitsamiouli,KM,-11.3847,43.2844,76.51,73,8,7.09,clear sky,0.0,0
292,Labuhan,ID,-6.8844,112.2051,77.63,80,85,7.18,overcast clouds,0.0,0
293,Batemans Bay,AU,-35.7167,150.1833,61.92,39,0,11.59,clear sky,0.0,0
294,Auchi,NG,7.0667,6.2667,70.92,98,74,4.81,broken clouds,0.0,0
295,Batagay,RU,67.6333,134.6333,53.58,64,100,0.54,overcast clouds,0.0,0
296,Khurda,IN,20.1833,85.6167,81.14,87,99,2.57,overcast clouds,0.0,0
297,Chuy,UY,-33.6971,-53.4616,53.02,98,39,2.86,scattered clouds,0.0,0
298,Brae,GB,60.3964,-1.353,48.11,78,98,17.09,overcast clouds,0.0,0
299,Lagoa,PT,39.05,-27.9833,71.28,82,99,9.57,overcast clouds,0.0,0
300,Karatuzskoye,RU,53.6072,92.8667,56.21,92,43,0.22,scattered clouds,0.0,0
301,Tasiilaq,GL,65.6145,-37.6368,50.16,70,89,0.89,overcast clouds,0.0,0
302,Tessalit,ML,20.1986,1.0114,93.61,28,34,9.55,scattered clouds,0.0,0
303,Sangar,RU,63.9242,127.4739,59.38,66,90,6.35,overcast clouds,0.0,0
304,Ilinskiy,RU,55.619,38.1182,68.31,73,0,4.47,clear sky,0.0,0
305,Cidreira,BR,-30.1811,-50.2056,58.03,94,33,3.8,scattered clouds,0.0,0
306,Houston,US,29.7633,-95.3633,82.38,94,75,5.75,thunderstorm,0.12,0
307,Nautla,MX,20.2167,-96.7833,85.23,65,24,7.74,few clouds,0.0,0
308,Kruisfontein,ZA,-34.0033,24.7314,53.33,58,0,6.49,clear sky,0.0,0
309,Teocaltiche,MX,21.4333,-102.5833,83.71,49,25,0.58,scattered clouds,0.0,0
310,Sao Gabriel,BR,-30.3364,-54.32,55.92,74,27,5.06,scattered clouds,0.0,0
311,Mana,GF,5.6592,-53.7767,74.82,87,100,5.82,overcast clouds,0.0,0
312,Abu Samrah,SY,35.3029,37.1841,75.74,49,0,11.95,clear sky,0.0,0
313,Sladkovo,RU,55.5284,70.3385,60.04,79,99,4.45,overcast clouds,0.0,0
314,Sri Aman,MY,1.2376,111.4621,77.05,94,40,4.61,scattered clouds,0.0,0
315,Miraflores,MX,19.2167,-98.8083,70.45,79,85,2.59,overcast clouds,0.0,0
316,Huarmey,PE,-10.0681,-78.1522,63.46,83,51,10.11,broken clouds,0.0,0
317,Pangody,RU,65.85,74.4859,49.51,88,63,12.19,broken clouds,0.0,0
318,Floriano,BR,-6.7669,-43.0225,77.38,33,81,4.41,broken clouds,0.0,0
319,Changping,CN,40.2186,116.2197,71.24,92,100,1.72,overcast clouds,0.0,0
320,Nemuro,JP,43.3236,145.575,57.63,84,28,7.92,scattered clouds,0.0,0
321,Poum,NC,-20.2333,164.0167,72.82,63,91,21.41,overcast clouds,0.0,0
322,Breyten,ZA,-26.3018,29.987,47.08,79,56,1.9,broken clouds,0.0,0
323,Meulaboh,ID,4.1363,96.1285,75.97,89,100,8.75,heavy intensity rain,4.21,0
324,Dingle,PH,10.9995,122.6711,81.59,80,78,5.08,light rain,0.27,0
325,Bairiki,KI,1.3292,172.9752,87.8,66,20,11.5,few clouds,0.0,0
326,Gamba,GA,-2.65,10.0,74.52,86,99,8.77,overcast clouds,0.0,0
327,Ouadda,CF,8.0777,22.4007,66.88,97,96,2.01,overcast clouds,0.0,0
328,Fauske,NO,67.2588,15.3918,53.64,89,99,3.33,overcast clouds,0.0,0
329,Dalvik,IS,65.9702,-18.5286,48.13,82,80,3.42,broken clouds,0.0,0
330,Zumpango,MX,19.7978,-99.1017,71.35,60,78,14.85,broken clouds,0.0,0
331,Morwell,AU,-38.2333,146.4,53.67,72,85,11.48,overcast clouds,0.0,0
332,Saurimo,AO,-9.6608,20.3916,65.26,31,16,4.63,few clouds,0.0,0
333,Buraydah,SA,26.326,43.975,90.05,18,0,7.38,clear sky,0.0,0
334,Ilhabela,BR,-23.7781,-45.3581,67.59,91,66,10.0,broken clouds,0.0,0
335,Sobolevo,RU,54.4299,31.8996,59.67,79,61,5.14,broken clouds,0.0,0
336,Bac Lieu,VN,9.285,105.7244,79.34,82,41,4.21,scattered clouds,0.0,0
337,Port Moresby,PG,-9.4431,147.1797,81.3,74,34,6.29,scattered clouds,0.0,0
338,Hangu,CN,39.2489,117.7892,75.24,77,75,4.76,light rain,0.87,0
339,Tricase,IT,39.9304,18.3553,74.32,63,0,0.49,clear sky,0.0,0
340,Mushie,CD,-3.0167,16.9,78.93,58,65,2.1,light rain,0.17,0
341,Glazov,RU,58.1394,52.6584,56.43,79,76,4.85,broken clouds,0.0,0
342,College,US,64.8569,-147.8028,52.59,93,90,10.36,light rain,0.77,0
343,Fredericksburg,US,38.3032,-77.4605,79.12,81,90,0.0,overcast clouds,0.0,0
344,Olafsvik,IS,64.8945,-23.7142,53.37,89,100,11.77,overcast clouds,0.0,0
345,Kasongo-Lunda,CD,-6.4667,16.8167,82.58,39,88,2.01,overcast clouds,0.0,0
346,Opuwo,NA,-18.0607,13.84,63.07,55,0,4.27,clear sky,0.0,0
347,Fomboni,KM,-12.28,43.7425,76.93,74,0,12.39,clear sky,0.0,0
348,Sao Joao Da Barra,BR,-21.6403,-41.0511,69.46,78,91,11.01,overcast clouds,0.0,0
349,Kumluca,TR,36.3703,30.2869,82.81,36,0,7.74,clear sky,0.0,0
350,Khushab,PK,32.2967,72.3525,82.89,64,6,5.26,clear sky,0.0,0
351,Bafoulabe,ML,13.8065,-10.8321,74.52,95,93,4.56,overcast clouds,0.0,0
352,Odweyne,SO,9.4092,45.064,72.3,53,93,17.02,overcast clouds,0.0,0
353,Ayan,RU,56.45,138.1667,68.36,71,33,3.31,scattered clouds,0.0,0
354,Oranjemund,NA,-28.55,16.4333,56.5,62,2,4.68,clear sky,0.0,0
355,Zyryanka,RU,65.75,150.85,46.54,89,100,5.82,light rain,0.88,0
356,Suntar,RU,62.1444,117.6319,63.57,91,83,2.84,broken clouds,0.0,0
357,Kedrovyy,RU,56.1667,91.8167,48.61,68,89,3.96,overcast clouds,0.0,0
358,Isla Mujeres,MX,21.2311,-86.731,80.65,80,13,11.32,few clouds,0.0,0
359,Abbeville,FR,50.1,1.8333,63.5,89,10,11.18,clear sky,0.0,0
360,Nouakchott,MR,18.0858,-15.9785,80.53,82,46,18.05,scattered clouds,0.0,0
361,Progreso,MX,21.2833,-89.6667,86.11,71,63,5.41,broken clouds,0.0,0
362,Duluth,US,46.7833,-92.1066,84.18,39,1,8.99,clear sky,0.0,0
363,Mount Isa,AU,-20.7333,139.5,74.97,25,0,11.5,clear sky,0.0,0
364,Chara,RU,56.9064,118.2631,67.53,57,32,1.99,scattered clouds,0.0,0
365,Traverse City,US,44.7631,-85.6206,75.94,64,0,7.31,clear sky,0.0,0
366,Puerto Quijarro,BO,-17.7833,-57.7667,77.85,35,1,1.14,clear sky,0.0,0
367,Georgetown,MY,5.4112,100.3354,79.9,90,20,0.0,few clouds,0.0,0
368,Mindelo,CV,16.8901,-24.9804,78.35,83,75,16.11,broken clouds,0.0,0
369,Windhoek,NA,-22.5594,17.0832,59.2,23,0,6.91,clear sky,0.0,0
370,Haines Junction,CA,60.7522,-137.5108,64.35,39,62,6.91,broken clouds,0.0,0
371,Awjilah,LY,29.1081,21.2869,80.55,32,0,13.91,clear sky,0.0,0
372,Sioux Lookout,CA,50.1001,-91.917,84.58,54,90,5.75,overcast clouds,0.0,0
373,Billings,US,45.7833,-108.5007,98.37,14,75,5.75,haze,0.0,0
374,Barda,AZ,40.3744,47.1267,71.49,49,0,6.71,clear sky,0.0,0
375,Finnsnes,NO,69.2296,17.9811,50.61,85,100,3.09,overcast clouds,0.0,0
376,Avera,US,33.194,-82.5271,82.74,80,100,5.97,overcast clouds,0.0,0
377,Dubbo,AU,-32.25,148.6167,55.53,62,0,4.61,clear sky,0.0,0
378,Pulandian,CN,39.3953,121.9669,78.93,77,97,6.24,overcast clouds,0.0,0
379,Song Phi Nong,TH,14.2241,100.0209,75.11,92,100,4.25,overcast clouds,0.0,0
380,Burewala,PK,30.1667,72.65,86.07,51,49,6.69,scattered clouds,0.0,0
381,Hauterive,FR,46.0901,3.4459,68.76,78,0,3.67,clear sky,0.0,0
382,Edgewater,US,28.9889,-80.9023,82.0,83,75,8.61,broken clouds,0.0,0
383,Jasper,US,37.2001,-94.3502,84.52,54,20,1.99,few clouds,0.0,0
384,Deputatskiy,RU,69.3,139.9,44.71,69,100,4.74,overcast clouds,0.0,0
385,Ust-Kut,RU,56.7938,105.7672,56.8,97,100,3.27,moderate rain,1.8,0
386,Puerto Del Rosario,ES,28.5004,-13.8627,82.08,50,2,9.22,clear sky,0.0,0
387,Pyinmana,MM,19.7333,96.2167,74.25,97,100,6.35,heavy intensity rain,6.48,0
388,Crato,BR,-7.2342,-39.4094,80.31,47,75,2.3,broken clouds,0.0,0
389,Agnibilekrou,CI,7.1344,-3.2047,68.61,90,92,3.53,overcast clouds,0.0,0
390,Ocos,GT,14.5094,-92.1933,83.32,75,93,5.68,overcast clouds,0.0,0
391,Lerwick,GB,60.1545,-1.1494,48.2,77,93,16.73,overcast clouds,0.0,0
392,Waddan,LY,29.1614,16.139,78.75,53,0,11.54,clear sky,0.0,0
393,Ostrovnoy,RU,68.0531,39.5131,51.35,98,100,11.18,overcast clouds,0.0,0
394,Cerritos,US,33.8583,-118.0648,108.01,52,1,8.01,clear sky,0.0,0
395,Samarai,PG,-10.6167,150.6667,79.25,84,31,14.52,scattered clouds,0.0,0
396,Makakilo City,US,21.3469,-158.0858,89.92,44,1,6.91,clear sky,0.0,0
397,Igarka,RU,67.4667,86.5833,53.64,93,99,11.3,overcast clouds,0.0,0
398,Mega,ET,4.05,38.3,59.68,73,92,17.29,overcast clouds,0.0,0
399,Shache,CN,38.4167,77.2406,69.03,28,99,1.9,overcast clouds,0.0,0
400,Falmouth,GB,50.1544,-5.0711,59.9,97,75,4.0,broken clouds,0.0,0
401,Zhigansk,RU,66.7697,123.3711,54.46,53,100,6.58,overcast clouds,0.0,0
402,Davila,PH,18.4726,120.5763,83.21,75,42,10.04,scattered clouds,0.0,0
403,Hami,CN,42.8,93.45,76.15,41,100,5.97,overcast clouds,0.0,0
404,Los Llanos De Aridane,ES,28.6585,-17.9182,71.35,83,0,14.97,clear sky,0.0,0
405,Isangel,VU,-19.55,169.2667,78.91,50,75,9.22,broken clouds,0.0,0
406,Kaduna,NG,10.5222,7.4383,69.8,95,99,3.53,light rain,0.2,0
407,Port Lincoln,AU,-34.7333,135.8667,55.56,72,100,8.48,overcast clouds,0.0,0
408,Valdivia,CL,-39.8142,-73.2459,48.29,97,100,5.68,overcast clouds,0.0,0
409,Muros,ES,42.7762,-9.0603,66.24,83,1,10.49,clear sky,0.0,0
410,Jacareacanga,BR,-6.2222,-57.7528,77.99,72,73,1.5,broken clouds,0.0,0
411,Itacare,BR,-14.2775,-38.9967,69.69,80,7,6.55,clear sky,0.0,0
412,Barmer,IN,25.75,71.3833,79.03,72,52,12.95,broken clouds,0.0,0
413,Liverpool,GB,53.4106,-2.9779,59.29,78,75,8.01,broken clouds,0.0,0
414,Kochevo,RU,59.5994,54.3125,57.2,76,99,5.66,overcast clouds,0.0,0
415,Beringovskiy,RU,63.05,179.3167,46.56,89,100,5.88,light rain,0.26,0
416,Mitu,CO,1.1983,-70.1733,71.58,98,73,1.61,light rain,0.15,0
417,Boguchany,RU,58.3814,97.4531,59.05,72,100,2.91,overcast clouds,0.0,0
418,Pemangkat,ID,1.1667,108.9667,77.41,85,52,4.97,broken clouds,0.0,0
419,Xining,CN,36.6167,101.7667,59.04,70,12,1.03,few clouds,0.0,0
420,Havelock,US,34.8791,-76.9013,84.18,86,40,0.0,scattered clouds,0.0,0
421,Guerrero Negro,MX,27.9769,-114.0611,77.05,66,6,16.71,clear sky,0.0,0
422,Basar,IN,27.9833,94.6667,72.75,98,100,1.23,overcast clouds,0.0,0
423,Solnechnyy,RU,50.7214,136.6319,72.37,61,5,3.22,clear sky,0.0,0
424,Litovko,RU,49.2361,135.1742,70.65,70,4,2.98,clear sky,0.0,0
425,Clarence Town,AU,-32.5833,151.7833,65.86,41,0,12.57,clear sky,0.0,0
426,Putina,PE,-15.4667,-69.4333,47.26,63,53,10.09,broken clouds,0.0,0
427,Hillsborough,US,37.5741,-122.3794,97.84,72,20,4.0,few clouds,0.0,0
428,Jabbeke,BE,51.185,3.095,64.35,86,75,7.0,broken clouds,0.0,0
429,Ritchie,ZA,-29.038,24.6028,49.21,83,0,11.88,clear sky,0.0,0
430,Kantabanji,IN,20.4833,82.9167,77.47,89,100,1.01,overcast clouds,0.0,0
431,Iquique,CL,-20.2208,-70.1431,59.04,76,45,5.26,scattered clouds,0.0,0
432,Fort Wellington,GY,6.4,-57.6,78.06,80,70,9.6,broken clouds,0.0,0
433,Brindisi,IT,40.5833,17.6667,79.48,56,0,3.18,clear sky,0.0,0
434,Kuching,MY,1.55,110.3333,77.22,94,40,0.0,scattered clouds,0.0,0
435,Taksimo,RU,56.3444,114.8794,67.08,67,41,1.81,scattered clouds,0.0,0
436,Loikaw,MM,19.6742,97.2094,69.24,99,100,3.0,overcast clouds,0.0,0
437,Marzuq,YE,14.4,46.4667,80.55,49,82,3.83,broken clouds,0.0,0
438,Camopi,GF,3.1655,-52.3158,74.43,88,45,4.32,scattered clouds,0.0,0
439,Urumqi,CN,43.801,87.6005,63.55,82,75,2.24,light rain,0.33,0
440,Annau,TM,37.8876,58.516,67.5,26,0,4.61,clear sky,0.0,0
441,Kalmunai,LK,7.4167,81.8167,79.47,73,100,3.29,overcast clouds,0.0,0
442,Zhezkazgan,KZ,47.8043,67.7144,65.59,40,5,6.69,clear sky,0.0,0
443,Vrangel,RU,42.7297,133.0839,66.87,65,70,2.04,broken clouds,0.0,0
444,Praia,CV,14.9215,-23.5087,79.34,83,75,14.97,broken clouds,0.0,0
445,Cogua,CO,5.0605,-73.9792,54.95,87,82,3.89,broken clouds,0.0,0
446,Morondava,MG,-20.2833,44.2833,65.14,67,0,8.79,clear sky,0.0,0
447,Yetkul,RU,54.8221,61.588,58.98,79,41,6.15,scattered clouds,0.0,0
448,Gravelbourg,CA,49.8834,-106.5512,84.47,19,63,2.08,broken clouds,0.0,0
449,Arona,ES,28.0996,-16.681,84.11,83,0,3.44,clear sky,0.0,0
450,Masvingo,ZW,-20.0637,30.8277,50.99,78,0,5.12,clear sky,0.0,0
451,Ashland,US,40.8167,-82.2665,73.36,82,56,8.95,broken clouds,0.0,0
452,Tual,ID,-5.6667,132.75,79.92,84,47,18.23,scattered clouds,0.0,0
453,Erenhot,CN,43.6475,111.9767,71.53,52,0,13.96,clear sky,0.0,0
454,Orchard Homes,US,46.8633,-114.0484,95.14,20,1,1.01,haze,0.0,0
455,Zharkent,KZ,44.1628,80.0,56.14,76,44,3.91,scattered clouds,0.0,0
456,Kashary,RU,49.04,41.0056,70.32,78,100,3.78,overcast clouds,0.0,0
457,Tingo Maria,PE,-9.2895,-76.0088,73.58,76,44,1.95,scattered clouds,0.0,0
458,Waingapu,ID,-9.6567,120.2641,80.55,73,4,14.63,clear sky,0.0,0
459,Monino,RU,55.8381,38.1944,68.11,86,83,5.01,broken clouds,0.0,0
460,Porto-Vecchio,FR,41.591,9.2795,82.06,39,0,13.8,clear sky,0.0,0
461,Pelotas,BR,-31.7719,-52.3425,56.86,93,59,1.01,broken clouds,0.0,0
462,Salalah,OM,17.0151,54.0924,77.09,94,90,3.44,light intensity drizzle,0.0,0
463,Karratha,AU,-20.7377,116.8463,75.67,52,90,15.57,overcast clouds,0.0,0
464,High Rock,BS,26.6208,-78.2833,84.22,72,100,15.03,overcast clouds,0.0,0
465,Qandala,SO,11.472,49.8728,88.9,50,40,6.76,scattered clouds,0.0,0
466,Clearwater,US,27.9659,-82.8001,81.1,90,40,5.99,light intensity drizzle,1.0,0
467,Balkhash,KZ,46.844,74.9804,61.92,64,97,13.35,overcast clouds,0.0,0
468,Raigarh,IN,21.9,83.4,78.39,90,100,0.43,overcast clouds,0.0,0
469,Zabol,AF,32.25,67.25,67.84,17,2,8.37,clear sky,0.0,0
470,Fallon,US,39.4735,-118.7774,102.92,10,75,6.91,smoke,0.0,0
471,Youghal,IE,51.95,-7.8506,57.67,92,41,13.96,scattered clouds,0.0,0
472,Shimoda,JP,34.6667,138.95,70.16,94,100,13.49,overcast clouds,0.0,0
473,Surt,LY,31.2089,16.5887,80.55,68,0,6.64,clear sky,0.0,0
474,Jejuri,IN,18.2833,74.1667,69.33,90,65,6.11,light rain,0.63,0
475,Canto Do Buriti,BR,-8.11,-42.9444,75.06,40,47,4.85,scattered clouds,0.0,0
476,Amahai,ID,-3.3333,128.9167,79.95,77,40,0.63,scattered clouds,0.0,0
477,Ler,SS,8.3018,30.1418,70.66,92,82,1.5,broken clouds,0.0,0
478,Severo-Yeniseyskiy,RU,60.3725,93.0408,53.06,75,76,3.69,broken clouds,0.0,0
479,Savalou,BJ,7.9281,1.9756,72.93,80,82,6.04,broken clouds,0.0,0
480,Karaman,TR,37.0833,33.25,58.96,49,0,7.76,clear sky,0.0,0
481,Manacor,ES,39.5696,3.2096,82.83,65,49,3.89,scattered clouds,0.0,0
482,Korem,ET,12.5058,39.5228,58.62,73,94,5.86,light rain,0.19,0
483,Longyearbyen,SJ,78.2186,15.6401,37.24,87,75,6.91,broken clouds,0.0,0
484,Matagami,CA,49.7502,-77.6328,69.91,56,1,8.05,clear sky,0.0,0
485,Kinshasa,CD,-4.3246,15.3215,79.18,73,75,6.91,thunderstorm,0.0,0
486,Kamaishi,JP,39.2667,141.8833,68.95,77,95,3.89,overcast clouds,0.0,0
487,Phrae,TH,18.0833,100.0,74.98,100,90,0.0,light rain,0.63,0
488,Mamallapuram,IN,12.6264,80.1722,82.45,72,100,6.87,overcast clouds,0.0,0
489,Morozovsk,RU,48.3539,41.8261,72.39,90,99,3.33,overcast clouds,0.0,0
490,East Stroudsburg,US,40.9995,-75.1813,73.58,75,100,1.03,overcast clouds,0.0,0
491,Pachmarhi,IN,22.4667,78.4333,67.59,87,100,3.24,overcast clouds,0.0,0
492,Walvis Bay,NA,-22.9575,14.5053,53.1,100,20,2.3,few clouds,0.0,0
493,Tambacounda,SN,13.7539,-13.7586,80.65,89,0,4.61,clear sky,0.0,0
494,Busayra,JO,30.7376,35.6078,67.53,54,0,3.04,clear sky,0.0,0
495,Reserva,BR,-24.6503,-50.8506,58.8,82,13,3.11,few clouds,0.0,0
496,Sao Filipe,CV,14.8961,-24.4956,76.42,86,97,1.57,overcast clouds,0.0,0
497,Sao Sebastiao,BR,-23.76,-45.4097,66.97,90,53,8.79,broken clouds,0.0,0
498,Yibin,CN,28.7667,104.6238,75.67,95,100,0.69,overcast clouds,0.0,0
499,Jos,NG,9.9167,8.9,65.08,95,100,4.47,light rain,0.87,0
500,Pasighat,IN,28.0667,95.3333,78.1,93,100,0.87,overcast clouds,0.0,0
501,Lichuan,CN,30.3,108.85,64.99,94,95,3.58,overcast clouds,0.0,0
502,Swakopmund,NA,-22.6833,14.5333,52.99,94,30,3.0,scattered clouds,0.0,0
503,Barcelos,PT,41.5388,-8.6151,68.85,75,0,5.3,clear sky,0.0,0
504,Paamiut,GL,61.994,-49.6678,46.11,99,100,22.82,heavy intensity rain,4.28,0
505,Recreio,BR,-21.525,-42.4692,65.89,86,45,4.21,scattered clouds,0.0,0
506,Maple Creek,CA,49.9168,-109.4848,90.09,23,37,13.8,scattered clouds,0.0,0
507,Eirunepe,BR,-6.6603,-69.8736,83.46,45,64,2.46,broken clouds,0.0,0
508,Portland,US,45.5234,-122.6762,99.9,33,40,3.0,haze,0.0,0
509,Rantepao,ID,-2.9701,119.8978,72.01,75,13,1.1,few clouds,0.0,0
510,Mahebourg,MU,-20.4081,57.7,68.29,83,40,10.36,light rain,0.36,0
511,Rassvet,RU,46.8333,40.75,69.28,95,100,3.58,overcast clouds,0.0,0
512,Burnie,AU,-41.0667,145.9167,45.19,88,97,19.53,overcast clouds,0.0,0
513,Olga,RU,43.7444,135.2892,68.45,64,25,3.62,scattered clouds,0.0,0
514,Bullhead City,US,35.1478,-114.5683,111.11,22,20,4.61,few clouds,0.0,0
515,Manokwari,ID,-0.8667,134.0833,82.9,69,39,6.2,scattered clouds,0.0,0
516,Merauke,ID,-8.4667,140.3333,79.84,76,90,14.27,overcast clouds,0.0,0
517,Zatyshshya,UA,47.3335,29.8733,67.14,52,0,2.37,clear sky,0.0,0
518,Fukue,JP,32.6881,128.8419,75.56,100,75,4.61,light intensity shower rain,0.15,0
519,Llangefni,GB,53.2556,-4.3106,58.78,82,20,16.11,few clouds,0.0,0
520,Semporna,MY,4.4818,118.6112,77.2,85,97,3.31,overcast clouds,0.0,0
521,Hovd,MN,48.0056,91.6419,56.61,92,100,8.14,overcast clouds,0.0,0
522,Fengcheng,CN,40.4536,124.0717,72.16,86,100,2.1,overcast clouds,0.0,0
523,Namatanai,PG,-3.6667,152.4333,82.83,73,79,6.58,moderate rain,1.22,0
524,Berlevag,NO,70.8578,29.0864,45.57,81,98,13.49,overcast clouds,0.0,0
525,Pangoa,PE,-12.1167,-73.0,73.02,64,48,2.77,scattered clouds,0.0,0
526,Acari,PE,-15.4311,-74.6158,65.05,70,30,4.65,scattered clouds,0.0,0
527,Esperance,AU,-33.8667,121.9,49.84,85,0,8.97,clear sky,0.0,0
528,Coihaique,CL,-45.5752,-72.0662,41.34,98,100,4.88,light rain,0.95,0
529,Nalut,LY,30.3333,10.85,81.79,28,0,9.17,clear sky,0.0,0
530,Ravar,IR,31.2656,56.8055,79.74,12,45,1.07,scattered clouds,0.0,0
531,Petushki,RU,55.9264,39.461,60.75,79,50,5.21,scattered clouds,0.0,0
532,Grindavik,IS,63.8424,-22.4338,51.75,100,90,10.36,light intensity drizzle,0.0,0
533,Yamada,JP,39.4667,141.95,67.77,77,98,2.13,overcast clouds,0.0,0
534,Richards Bay,ZA,-28.783,32.0377,59.49,85,8,4.12,clear sky,0.0,0
535,Pisticci,IT,40.3906,16.5568,77.83,39,0,1.61,clear sky,0.0,0
536,Nagato,JP,34.3833,131.2,75.15,92,100,3.76,overcast clouds,0.0,0
537,Victor Harbor,AU,-35.5667,138.6167,55.99,84,99,12.08,overcast clouds,0.0,0
538,Dongsheng,CN,39.8161,109.9776,67.84,63,0,11.63,clear sky,0.0,0
539,Zelenoborskiy,RU,66.845,32.3622,49.01,92,97,12.03,overcast clouds,0.0,0
540,Biak,ID,-0.9131,122.8766,78.01,77,41,7.45,scattered clouds,0.0,0
541,The Valley,AI,18.217,-63.0578,83.1,80,100,12.82,overcast clouds,0.0,0
542,Maningrida,AU,-12.0667,134.2667,82.51,47,6,15.3,clear sky,0.0,0
543,Luganville,VU,-15.5333,167.1667,76.55,73,84,16.69,broken clouds,0.0,0
544,Broome,US,42.2506,-75.833,68.38,78,1,1.99,clear sky,0.0,0
545,Maues,BR,-3.3836,-57.7186,78.64,77,93,2.33,overcast clouds,0.0,0
546,Kloulklubed,PW,7.0419,134.2556,86.5,74,70,8.86,broken clouds,0.0,0
547,Gandajika,CD,-6.75,23.95,74.48,33,1,2.64,clear sky,0.0,0
548,Sakaiminato,JP,35.55,133.2333,73.38,94,75,3.44,broken clouds,0.0,0
549,Sumter,US,28.7086,-82.0831,81.1,81,100,7.54,overcast clouds,0.0,0
550,General Roca,AR,-39.0333,-67.5833,50.4,19,99,3.02,light rain,0.18,0
551,Kupang,ID,-10.1667,123.5833,82.98,69,20,17.27,few clouds,0.0,0
552,Healdsburg,US,38.6105,-122.8692,116.1,15,0,6.29,clear sky,0.0,0
553,Red Bluff,US,40.1785,-122.2358,113.68,15,1,9.22,haze,0.0,0
554,Cayenne,GF,4.9333,-52.3333,78.1,87,0,1.01,clear sky,0.0,0
555,Letka,RU,59.6011,49.4232,56.8,72,73,7.29,broken clouds,0.0,0
556,Hambantota,LK,6.1241,81.1185,78.67,80,100,18.03,overcast clouds,0.0,0
557,Itoman,JP,26.1247,127.6694,86.02,84,40,10.36,scattered clouds,0.0,0
558,Umm Lajj,SA,25.0213,37.2685,86.83,56,34,6.02,scattered clouds,0.0,0
559,Alfenas,BR,-21.4292,-45.9472,65.98,42,49,2.84,scattered clouds,0.0,0
560,Jiangkou,CN,25.4872,119.1986,85.89,85,14,6.33,few clouds,0.0,0
561,Aden,YE,12.7794,45.0367,84.6,75,67,6.55,broken clouds,0.0,0
562,Colesberg,ZA,-30.72,25.0972,46.08,77,0,5.23,clear sky,0.0,0
563,Morehead,US,37.2711,-87.1764,77.11,86,90,4.61,overcast clouds,0.0,0
564,Viransehir,TR,37.2353,39.7631,83.48,26,0,5.37,clear sky,0.0,0
565,Khandyga,RU,62.6667,135.6,69.89,69,90,4.43,overcast clouds,0.0,0
566,Funadhoo,MV,6.15,73.2667,81.7,76,100,15.39,overcast clouds,0.0,0
567,Gryazovets,RU,58.88,40.2525,57.07,97,83,7.05,light rain,0.42,0
568,Askino,RU,56.0901,56.5783,58.77,83,60,5.7,broken clouds,0.0,0
569,Port Augusta,AU,-32.5,137.7667,57.34,73,15,5.55,few clouds,0.0,0
570,Baruun-Urt,MN,46.6806,113.2792,63.75,72,7,9.08,clear sky,0.0,0
571,Solwezi,ZM,-12.1688,26.3894,59.11,56,0,7.83,clear sky,0.0,0
572,Careiro Da Varzea,BR,-3.2003,-59.8119,81.21,76,66,3.4,light rain,0.18,0
573,Tiznit,MA,29.5833,-9.5,90.54,15,44,2.3,scattered clouds,0.0,0
574,Neiafu,TO,-18.65,-173.9833,75.88,57,20,9.22,few clouds,0.0,0
575,Nioro,GM,13.35,-15.75,76.55,87,100,4.5,overcast clouds,0.0,0
576,Sijunjung,ID,-0.6876,100.9537,71.65,98,99,0.47,overcast clouds,0.0,0
577,Mende,FR,44.6667,3.5,52.79,99,9,3.58,clear sky,0.0,0
578,Ures,MX,29.4333,-110.4,95.27,41,48,6.4,scattered clouds,0.0,0
579,Bentiu,SS,9.2333,29.8333,71.06,92,93,0.74,overcast clouds,0.0,0
580,Bibiani,GH,6.4635,-2.3194,68.74,88,100,1.9,overcast clouds,0.0,0
581,Nabire,ID,-3.3667,135.4833,81.05,77,53,1.21,broken clouds,0.0,0
582,Tatarsk,RU,55.219,75.9828,59.2,78,59,3.4,broken clouds,0.0,0
583,Gigmoto,PH,13.7796,124.39,83.95,72,98,2.19,overcast clouds,0.0,0
584,Suhbaatar,MN,50.2314,106.2078,69.03,71,88,3.8,overcast clouds,0.0,0
585,Jalalabad,AF,34.4265,70.4515,80.42,58,2,1.54,clear sky,0.0,0
586,Mayo,US,38.8876,-76.5119,80.55,76,1,0.0,clear sky,0.0,0
587,Vanimo,PG,-2.6741,141.3028,83.52,69,77,6.04,broken clouds,0.0,0
588,Hamilton,US,39.1834,-84.5333,74.73,73,20,1.01,few clouds,0.0,0
589,Laguna De Duero,ES,41.5815,-4.7233,63.95,71,0,1.01,clear sky,0.0,0
590,Verkhnevilyuysk,RU,63.4453,120.3167,55.24,80,99,5.26,overcast clouds,0.0,0
591,Kamen-Na-Obi,RU,53.7884,81.3423,56.59,76,59,1.72,broken clouds,0.0,0
592,Touros,BR,-5.1989,-35.4608,76.1,77,37,17.6,scattered clouds,0.0,0
593,Magrath,CA,49.4167,-112.8686,94.68,13,67,19.57,broken clouds,0.0,0
594,Anadyr,RU,64.75,177.4833,54.1,62,0,17.9,clear sky,0.0,0
595,Tilichiki,RU,60.4667,166.1,58.75,70,96,6.13,overcast clouds,0.0,0
596,Trofors,NO,65.5333,13.4063,52.95,92,67,2.44,broken clouds,0.0,0
597,Sindou,BF,10.6667,-5.1667,71.2,95,100,4.09,overcast clouds,0.0,0
598,Leirvik,NO,59.7798,5.5005,55.63,78,100,2.82,overcast clouds,0.0,0
599,Moose Factory,CA,51.2585,-80.6094,77.0,53,90,12.66,overcast clouds,0.0,0
600,Ola,RU,59.5833,151.2833,57.61,90,100,5.12,overcast clouds,0.0,0
601,Bosaso,SO,11.2842,49.1816,91.36,39,50,16.62,scattered clouds,0.0,0
602,Greenville,US,35.6127,-77.3663,78.89,94,1,3.44,clear sky,0.0,0
603,Verkhoyansk,RU,67.5447,133.385,50.07,78,100,1.83,overcast clouds,0.0,0
604,Churapcha,RU,62.0025,132.4325,71.51,68,71,2.59,broken clouds,0.0,0
605,San Luis,AR,-33.295,-66.3356,56.16,33,99,5.55,overcast clouds,0.0,0
606,Vestmanna,FO,62.1564,-7.1664,43.72,93,75,2.3,broken clouds,0.0,0
607,Ternate,ID,0.8,127.4,81.19,74,36,4.07,scattered clouds,0.0,0
608,San Jeronimo,PE,-11.9472,-75.2829,53.28,66,76,1.1,broken clouds,0.0,0
609,Elko,US,41.0002,-115.5012,95.02,7,23,8.99,few clouds,0.0,0
610,Ahipara,NZ,-35.1667,173.1667,58.41,70,27,8.59,scattered clouds,0.0,0
611,Pascagoula,US,30.3658,-88.5561,82.51,86,35,9.6,scattered clouds,0.0,0
612,Chifeng,CN,42.2683,118.9636,64.13,94,100,1.39,overcast clouds,0.0,0
613,Paciran,ID,-6.8767,112.3761,78.15,79,84,6.93,broken clouds,0.0,0
614,Ambon,ID,-3.6954,128.1814,80.74,83,40,4.61,scattered clouds,0.0,0
615,Zhuhai,CN,22.2769,113.5678,86.72,94,75,4.61,light rain,0.98,0
616,Kurumkan,RU,54.3,110.3,67.41,65,95,2.84,overcast clouds,0.0,0
617,Noyabrsk,RU,63.1994,75.4507,55.08,77,86,11.39,overcast clouds,0.0,0
618,Callaway,US,30.153,-85.5699,84.25,75,40,4.0,scattered clouds,0.0,0
619,Quatre Cocos,MU,-20.2078,57.7625,68.11,74,98,15.05,light rain,0.31,0
620,Potsdam,DE,52.3989,13.0657,69.06,65,85,6.02,overcast clouds,0.0,0
621,Paramonga,PE,-10.6667,-77.8333,62.15,84,60,10.74,broken clouds,0.0,0
622,Rognan,NO,67.0953,15.3878,53.74,89,78,2.04,broken clouds,0.0,0
623,Maryborough,AU,-25.5333,152.7,75.0,50,37,1.34,scattered clouds,0.0,0
624,Kirchlengern,DE,52.2,8.6333,67.96,91,69,5.41,broken clouds,0.0,0
625,Benghazi,LY,32.1167,20.0667,79.68,57,0,8.19,clear sky,0.0,0
626,Bendigo,AU,-36.7667,144.2833,52.86,69,73,3.0,broken clouds,0.0,0
627,Chardara,KZ,41.2547,67.9692,64.29,48,0,11.05,clear sky,0.0,0
628,Maragogi,BR,-9.0122,-35.2225,72.39,78,46,8.95,scattered clouds,0.0,0
629,Antalaha,MG,-14.9003,50.2788,65.57,83,47,9.08,scattered clouds,0.0,0
630,Alirajpur,IN,22.3031,74.3546,75.07,86,96,5.5,overcast clouds,0.0,0
631,Osorno,CL,-40.5667,-73.15,48.51,87,90,16.11,overcast clouds,0.0,0
632,North Bend,US,43.4065,-124.2243,76.24,78,90,12.66,overcast clouds,0.0,0
633,Rehoboth,NA,-23.3167,17.0833,57.61,30,0,4.81,clear sky,0.0,0
634,Riachao Das Neves,BR,-11.7461,-44.91,73.78,30,0,2.3,clear sky,0.0,0
635,Eydhafushi,MV,5.1033,73.0708,81.97,72,85,14.23,overcast clouds,0.0,0
636,Ust-Nera,RU,64.5667,143.2,62.29,67,83,9.22,light rain,0.15,0
637,Sibolga,ID,1.7427,98.7792,76.26,84,91,3.51,moderate rain,2.73,0
638,Porto Novo,BJ,6.4965,2.6036,75.72,81,99,8.1,overcast clouds,0.0,0
639,Zacualpan,MX,21.25,-105.1667,87.51,81,35,4.07,scattered clouds,0.0,0
640,Nizwa,OM,22.9333,57.5333,88.54,41,48,0.67,scattered clouds,0.0,0
641,Fare,PF,-16.7,-151.0167,78.67,76,3,9.71,clear sky,0.0,0
642,Yuancheng,CN,36.652,107.7896,64.76,85,81,11.83,broken clouds,0.0,0
643,Lagdo,CM,9.05,13.7333,73.24,92,88,3.06,light rain,0.44,0
644,Elat,IL,29.5581,34.9482,85.84,35,0,16.11,clear sky,0.0,0
645,Cepu,ID,-7.1475,111.5906,77.05,76,74,5.28,broken clouds,0.0,0
646,Salamanca,ES,40.8333,-6.0,64.99,29,0,3.62,clear sky,0.0,0
647,Sosnogorsk,RU,63.6023,53.8817,63.16,67,100,9.6,overcast clouds,0.0,0
648,Canmore,CA,51.0834,-115.3521,87.24,17,98,8.05,overcast clouds,0.0,0
649,Padang,ID,-0.9492,100.3543,77.38,85,100,3.62,overcast clouds,0.0,0
650,West Bay,KY,19.3667,-81.4167,86.07,75,20,1.01,few clouds,0.0,0
651,Barcelona,ES,41.3888,2.159,80.98,81,0,4.61,clear sky,0.0,0
652,Cockburn Town,TC,21.4612,-71.1419,82.36,78,40,13.8,scattered clouds,0.0,0
653,Russell,US,32.3502,-85.1999,83.8,76,1,5.75,clear sky,0.0,0
654,Juegang,CN,32.3174,121.1855,77.5,90,100,8.39,overcast clouds,0.0,0
655,Cullinan,ZA,-25.6709,28.5236,52.83,82,66,4.03,broken clouds,0.0,0
656,San Felipe,VE,10.3399,-68.7425,75.69,79,93,5.57,overcast clouds,0.0,0
657,Martapura,ID,-3.4167,114.85,78.89,83,100,4.61,overcast clouds,0.0,0
658,Getahovit,AM,40.8978,45.1392,62.26,63,11,3.49,few clouds,0.0,0
659,Milkovo,RU,54.7167,158.6167,71.06,51,27,2.57,scattered clouds,0.0,0
660,Balikpapan,ID,-1.2675,116.8289,76.12,90,100,3.76,light rain,0.87,0
661,Bella Union,UY,-30.2752,-57.6007,54.72,75,5,4.45,clear sky,0.0,0
662,Mtwara,TZ,-10.2667,40.1833,71.06,88,4,10.04,clear sky,0.0,0
663,Ixtapa,MX,20.7,-105.2,87.03,70,40,9.22,scattered clouds,0.0,0
664,Namie,JP,37.4833,141.0,72.72,89,100,6.76,overcast clouds,0.0,0
665,Tongliao,CN,43.6125,122.2653,68.49,85,100,0.94,moderate rain,2.46,0
666,Great Falls,US,47.5002,-111.3008,95.92,15,1,17.27,haze,0.0,0
667,Prieska,ZA,-29.6641,22.7474,51.13,85,0,8.48,clear sky,0.0,0
668,Lilongwe,MW,-13.9669,33.7873,58.69,75,56,6.82,broken clouds,0.0,0
669,Waitati,NZ,-45.75,170.5667,58.8,33,90,14.03,overcast clouds,0.0,0
670,Wajima,JP,37.4,136.9,77.68,83,75,5.75,broken clouds,0.0,0
671,Kiama,AU,-34.6833,150.8667,67.37,41,0,17.98,clear sky,0.0,0
672,Mogzon,RU,51.7435,111.9606,63.0,74,72,3.11,broken clouds,0.0,0
673,Bima,ID,-8.4667,118.7167,80.83,68,11,4.79,few clouds,0.0,0
674,Safaga,EG,26.7292,33.9365,87.75,34,2,14.97,clear sky,0.0,0
675,Buckeye,US,33.3703,-112.5838,102.52,38,72,5.75,broken clouds,0.0,0
676,Aragarcas,BR,-15.8975,-52.2508,77.76,29,0,3.13,clear sky,0.0,0
677,Malaya Vishera,RU,58.8454,32.2222,54.27,97,34,8.19,scattered clouds,0.0,0
678,Cosala,MX,24.4125,-106.6908,78.12,78,41,4.76,scattered clouds,0.0,0
679,Barentu,ER,15.1139,37.5928,71.08,85,70,5.19,broken clouds,0.0,0
680,Foix,FR,42.8333,1.5833,72.73,95,71,3.6,broken clouds,0.0,0
681,Mandalgovi,MN,45.7625,106.2708,65.05,59,71,9.55,broken clouds,0.0,0
